"kanji","kana","Primary defn","secondary defn","part of speech",
"会う","あう","to meet","to encounter","v5u, vi",
"青","あお","blue",,"n ",
"青","あお","green",,"n ",
"青","あお","green light",,"abbr",
"青","あお~","immature","unripe, young","pref",
"青い","あおい","blue","green","Adj-i",
"青い","あおい","pale",,"Adj-i",
"青い","あおい","unripe","inexperienced","Adj-i",
"赤","あか","red","crimson, scarlet","n",
"赤","あか","Red-containing color (e.g. brown, pink, orange)",,"n",
"赤","あか","red light",,"abbr",
"赤い","あかい","red",,"Adj-i",
"明い","あかるい","bright","colorful","Adj-i",
"明い","あかるい","cheerful",,"Adj-i",
"明い","あかるい","familiar (with)","knowledgeable (about)","Adj-i",
"秋","あき","autumn","fall","N-t",
"開く","あく","to open (e.g. doors)",,"v5k, vi",
"開く","あく","to open (e.g. business, etc...)",,"v5k, vi",
"開く","あく","to be empty",,"v5k, vi",
"開く","あく","to be vacant, to be available",,"v5k, vi",
"開ける","あける","to open (a door, etc...)","to unwrap (e.g. parcel)","v1, vt",
"開ける","あける","to open (for business, etc...)",,"v1, vt",
"開ける","あける","to empty","to clear out","v1, vt",
"上げる","あげる","to give",,"v1, vt",
"上げる","あげる","to raise","to elevate","v1, vt",
"上げる","あげる","to fly (a kite, etc...)","to launch (fireworks, etc...), to surface (a submarine, etc...)","v1, vt",
"朝","あさ","morning",,"N-adv, n-t",
"朝御飯","あさごはん","breakfast",,"n",
"あさって, みょうごにち","あさって, みょうごにち","day after tomorrow",,"N-adv, n-t",
"足","あし","foot",,"n ",
"足","あし","leg",,"n ",
"足","あし","gait",,"n ",
"足","あし","pace",,"n ",
"明日","あした, あす, みょうにち","tomorrow",,"N-t",
"あそこ","あそこ","over there","there, that place, yonder","n, uk",
"遊ぶ","あそぶ","to play","to make a visit (esp. for pleasure)","v5b, vi",
"遊ぶ","あそぶ","to be idle","to do nothing","v5b, vi",
"暖かい","あたたかい","warm (usu. Air temperature)","mild, genial","Adj-i",
"頭","あたま","head",,"n",
"頭","あたま","mind","brain, intellect","n",
"頭","あたま","top",,"n",
"新しい","あたらしい","new",,"Adj-i",
"あちら, あっち","あちら, あっち","over there","that way, yonder","n, uk",
"あちら, あっち","あちら, あっち","that one","that  ","n, uk",
"あちら, あっち","あちら, あっち","that person",,"n, uk",
"暑い","あつい","hot (weather, etc...)","warm","Adj-i",
"熱い","あつい","hot (thing)",,"Adj-i",
"厚い","あつい","kind","cordial, warm (hearted), serious, faithful","Adj-i",
"厚い","あつい","thick","deep, heavy","Adj-i",
"厚い","あつい","abundant",,"Adj-i",
"後","あと","behind","rear","n, adj-no",
"後","あと","after","later","n, adj-no",
"後","あと","descendant","successor, heir","n, adj-no",
"あなた","あなた","you (referring to someone of equal or lower status)",,"n, uk, pol",
"あなた","あなた","dear (what a wife calls a husband)",,"n, uk, pol",
"兄","あに","older brother","elder brother","n, hum",
"姉","あね","older sister","elder sister","n, hum",
"あの","あの","that (someone or something distant from both speaker and listener, or situation unfamiliar to both speaker and listener)",,"Adj-pn, uk",
"あの, あのう, あのー","あの, あのう, あのー","um...","say, well, err... (hesitation sound)","int, uk",
"アパート","アパート","apartment","(abbreviation for) アパートメント","abbr",
"アパート","アパート","apartment house","apartment block, apartment building, (abbreviation for) アパートメントハウス","abbr",
"あびる","あびる","to bathe","to bask in the sun, to shower","v1, vt",
"危ない","あぶない","dangerous","hazardous, perilous","Adj-i",
"危ない","あぶない","in danger","in jeopardy, critical, grave, at risk","Adj-i",
"危ない","あぶない","uncertain","unreliable","Adj-i",
"甘い","あまい","sweet","delicious","exp, adj-i, uk",
"あまり, あんまり","あまり, あんまり","remainder","rest, balance, remains, scraps, residue, remnant","Na-adj, adv, n, n-suf, uk",
"あまり, あんまり","あまり, あんまり","not very (with negative sentence)","not much","adv",
"雨","あめ","rain",,"n ",
"飴","あめ","(hard) candy","toffee","n",
"洗う","あらう","to wash",,"v5u, vt",
"洗う","あらう","to investigate",,"v5u, vt",
"ある","ある","to be (usually for inanimate objects)","to exist, to live","V5r-i, vi, uk",
"ある","ある","to have",,"V5r-i, vi, uk",
"ある","ある","to be located",,"V5r-i, vi, uk",
"歩く","あるく","to walk",,"v5k, vi",
"あれ","あれ","that","(indicating sth away from both speaker and listener, or sth understood between listener and speaker without mentioning it)",,
"良い","いい/よい","good","excellent, fine, nice, pleasant, agreeable","Adj-i, uk",
"いいえ","いいえ","no","nay, well","int, uk",
"言う","いう","to say",,"v5u, vi",
"言う","いう","to call (i.e. to give a name)",,"v5u, vi",
"家","いえ","house","residence, dwelling","n",
"家","いえ","Family","household","n",
"家","いえ","lineage","family name","n",
"行く","いく","to go",,"v1, vi",
"行く","いく","to proceed","to take place","v1, vi",
"行く","いく","to continue",,"Aux-v",
"いくつ","いくつ","how many?",,"adv, uk",
"いくつ","いくつ","how old?",,"adv, uk",
"いくら","いくら","how much?","how many?","adv, n",
"池","いけ","pond",,"n ",
"医者","いしゃ","(medical) doctor","physician","n, sens",
"椅子","いす","chair","stool","n",
"椅子","いす","post","office, position","n",
"忙しい","いそがしい","busy","hectic, occupied, engaged","Adj-i",
"痛い","いたい","painful","sore","Adj-i",
"一","いち","one",,"n, num",
"～一","～いち","best in","the most (…) in (where an adjective follows)","suf",
"一日","いちにち","(the) first (of the month)",,"n ",
"一日","いちにち","one day",,"n",
"一番","いちばん","best","first, number one","N-adv ",
"いつ","いつ","when","how soon","Adv-na, n, uk",
"五日","いつか","five days",,"n ",
"五日","いつか","fifth day",,"n ",
"一緒","いっしょ","together","meeting, company","adv, n",
"五つ","いつつ","five",,"n ",
"いつも","いつも","always","usually, every time","adv, n, uk",
"いつも","いつも","never (with neg. verb)",,"adv, n, uk",
"犬","いぬ","dog",,"n",
"今","いま","now","the present time, just now, immediately, (one) more","N-adv, n",
"意味","いみ","meaning","significance","n, vs",
"妹","いもうと","younger sister",,"n, hum",
"嫌","いや","unpleasant","disagreeable, detestable, reluctant","Adj-na, n",
"入口","いりぐち","entrance","entry, gate, approach, mouth","n, adj-no",
"居る","いる","to be (of animate objects)","to have (used for people and animals)","v1, vi, uk",
"居る","いる","to stay",,"v1, vi, uk",
"居る","いる","(after the -te form of a verb indicating) continuing action or state",,"v1, aux-v",
"要る","いる","to need",,"v5r, vi",
"入れる","いれる","to put in","to set (a jewel, etc...)","v1, vt",
"入れる","いれる","to admit","to accept, to employ, to hire","v1, vt",
"色","いろ","color",,"n ",
"いろいろ","いろいろ","various",,"n, adj-na, adj-no, adv, adv-to",
"上","うえ","above","up, over","n, adj-no, n-adv, n-suf",
"上","うえ","top","summit","n, adj-no, n-adv, n-suf",
"上","うえ","surface","on ","n, adj-no, n-adv, n-suf",
"上","うえ","before","previous","n, adj-no, n-adv, n-suf",
"後ろ","うしろ","behind","back, rear","n",
"薄い","うすい","thin",,"Adj-i",
"薄い","うすい","pale","light","Adj-i",
"薄い","うすい","watery","dilute, sparse","Adj-i",
"薄い","うすい","weak (taste, etc...)",,"Adj-i",
"歌","うた","song",,"n",
"歌","うた","(classical) Japanese poetry (esp. tanka)",,"n",
"歌","うた","modern poetry",,"n",
"歌う","うたう","to sing",,"v5u, vt",
"生まれる","うまれる","to be born",,"v1, vi",
"海","うみ","sea","beach","n ",
"売る","うる","to sell",,"v5r, vt",
"煩い","うるさい","noisy","loud","Adj-i, uk",
"煩い","うるさい","fussy",,"Adj-i, uk",
"煩い","うるさい","annoying","troublesome, tiresome, importunate","Adj-i, uk",
"煩い","うるさい","bossy",,"Adj-i, uk",
"上着","うわぎ","jacket","coat, tunic, outer garment","n, adj-no",
"絵","え","picture","drawing, painting, sketch","n, n-suf",
"映画","えいが","movie","film","n ",
"映画館","えいがかん","movie theater (theatre)","cinema","n ",
"英語","えいご","English (language)",,"n ",
"ええ","ええ","yes","that is correct, right, (used with flat intonation)","int",
"ええ","ええ","um...","Errr, (said trailing off, ええええー）","int",
"ええ","ええ","huh?","(used with questioning intonation)","int",
"ええ","ええ","grrr","gah, Must I? (used with questioning intonation)","int",
"駅","えき","station",,"n ",
"エレベーター","エレベーター","elevator","lift","n ",
"鉛筆","えんぴつ","pencil",,"n ",
"おいしい","おいしい","delicious","tasty","Adj-i, uk",
"多い","おおい","many","numerous","Adj-i",
"大きい","おおきい","big","large, great","Adj-i",
"大きな","おおきな","big","large, great","Adj-f",
"大勢","おおぜい","crowd (of people)","many, great number of people","n, adj-no",
"お母さん","おかあさん","mother",,"n, hon",
"お菓子","おかし","sweets","confections, candy","n",
"お金","おかね","money",,"n",
"起きる","おきる","to get up","to rise","v1, vi",
"起きる","おきる","to wake up",,"v1, vi",
"起きる","おきる","to occur (usu. Of unfavorable incidents)","to happen, to take place","v1, vi",
"置く","おく","to put","to place","v5k ",
"置く","おく","to leave (behind)",,"v5k ",
"置く","おく","to do something in advance ",,"uk",
"奥さん","おくさん","(your) wife","wife, his wife, married lady, madam","n, hon",
"お酒","おさけ","alcohol","sake","n ",
"お皿","おさら","plate","dish","n ",
"お祖父さん","おじいさん","grandfather",,"n, hon",
"お祖父さん","おじいさん","male senior-citizen",,"n, hon",
"教える","おしえる","to teach","to inform, to tell, to instruct","v1, vt",
"伯父さん, 叔父さん","おじさん","uncle",,"n, hon",
"小父さん","おじさん","old man","mister","n, hon",
"押す","おす","to push","to press","v5s, vt",
"押す","おす","to press down","to apply pressure from above","v5s, vt",
"押す","おす","to stamp (i.e. a passport)","to apply a seal","v5s, vt",
"遅い","おそい","slow",,"Adj-i",
"遅い","おそい","late (e.g. late at night)",,"Adj-i",
"遅い","おそい","too late",,"Adj-i",
"お茶","おちゃ","tea (usually green)",,"n, pol",
"お茶","おちゃ","tea break (at work)",,"n, pol",
"お茶","おちゃ","tea ceremony",,"n, pol",
"お手洗い","おてあらい","bathroom","toilet, restroom, lavatory","n ",
"お父さん","おとうさん","father",,"n, hon",
"弟","おとうと","younger brother",,"n, hum",
"男","おとこ","Man",,"n ",
"男の子","おとこのこ","Boy","male child, baby boy","n",
"一昨日","おととい, いっさくじつ、おとつい","day before yesterday",,"N-adv, n-t",
"一昨年","おととし、いっさくねん","year before last",,"N-adv, n-t",
"大人","おとな","Adult",,"n",
"お腹","おなか","stomach",,"n ",
"同じ","おなじ","same","identical, equal, uniform, equivalent, common (origin), changeless, alike","Adj-f, n",
"お兄さん","おにいさん","young man","buddy, fella, laddie","vocative",
"お兄さん","おにいさん","older brother","elder brother","n,hon",
"お姉さん","おねえさん","older sister","elder sister","n, hon",
"お姉さん","おねえさん","young lady",,"vocative",
"お姉さん","おねえさん","miss (referring to a waitress, etc..)",,"n, hon",
"お祖母さん","おばあさん","grandmother",,"n ",
"お祖母さん","おばあさん","female senior-citizen",,"n ",
"伯母さん/叔母さん","おばさん","Aunt",,"n, hon",
"小母さん","おばさん","old lady","ma'am","n ",
"お風呂","おふろ","Bath",,"n",
"お弁当","おべんとう","(Japanese) box lunch",,"n",
"覚える","おぼえる","to remember","to recollect, to memorize","v1, vt",
"覚える","おぼえる","to feel",,"v1, vt","X"
"御巡りさん","おまわりさん","(friendly term for a) policeman",,"n ",
"重い","おもい","Heavy","massive","Adj-i",
"重い","おもい","serious","important, severe, oppressed","Adj-i",
"面白い","おもしろい","Interesting","amusing","Adj-i",
"泳ぐ","およぐ","to swim",,"v5g, vi",
"降りる","おりる","to descend (e.g. a mountain)","to go down","v1, vi",
"降りる","おりる","to get off","to disembark, to dismount","v1, vi",
"終る","おわる","to finish","to end, to close","v5r, vi",
"音楽","おんがく","Music","musical movement","n",
"女","おんな","Woman",,"n ",
"女の子","おんなのこ","Girl",,"n ",
"外国","がいこく","foreign country",,"n",
"外国人","がいこくじん","Foreigner",,"n",
"会社","かいしゃ","Company","corporation","n",
"階段","かいだん","Stairs","stairway, staircase","n",
"買い物","かいもの","Shopping","purchased goods","n",
"買う","かう","to buy",,"v5u, vt",
"返す","かえす","to return (something)","to restore, to put back","v5s, vt",
"返す","かえす","to turn over","to turn upside down, to overturn","v5s, vt",
"帰る","かえる","to go back","to return, to come back, to go home","v5r, vi",
"帰る","かえる","(of a guest, customer, etc...) to leave",,"v5r, vi",
"顔","かお","(person's) face",,"n",
"かかる","かかる","to take (time or money)",,"v5r, vi, uk",
"かかる","かかる","to hang",,"v5r, vi, uk",
"鍵","かぎ","key",,"n",
"鍵","かぎ","lock",,"n",
"書く","かく","to write",,"v5k, vt",
"学生","がくせい","Student (esp. a university student)",,"n",
"掛ける","かける","to make (a call)",,"v1, vi",
"傘","かさ","Umbrella","parasol","n ",
"貸す","かす","to lend","to loan","v5s, vt",
"貸す","かす","to rent out","to hire out","v5s, vt",
"風","かぜ","Wind","breeze","n ",
"風邪","かぜ","cold (illness)","common cold","n",
"家族","かぞく","Family","members of a family","n",
"方","かた","direction","way","n ",
"方","かた","person","lady, gentleman","n, n-suf",
"~方","~かた","method of","manner of, way of","N-suf",
"学校","がっこう","School",,"n",
"カップ","カップ","Cup",,"n ",
"家庭","かてい","Household","home, household","n, adj-no",
"角","かど","(a) corner (of a desk, pavement, etc...)",,"n",
"角","かど","edge",,"n",
"鞄","かばん","(cloth, leather, etc... NOT paper, plastic) bag","satchel, briefcase, basket","n ",
"花瓶","かびん","a (flower) vase",,"n ",
"被る","かぶる","to wear (on head)",,"v5r, vt",
"紙","かみ","paper",,"n ",
"カメラ","カメラ","camera",,"n",
"火曜日","かようび","Tuesday",,"N-adv, n-t",
"辛い","からい","Spicy","hot","Adj-i",
"辛い","からい","salty",,"Adj-i",
"辛い","からい","tough (on someone)","adverse, harsh","Adj-i",
"体","からだ","Body",,"n, adj-no",
"体","からだ","health"," ","n, adj-no",
"借りる","かりる","to borrow","to have a loan","v1, vt",
"借りる","かりる","to rent","to hire","v1, vt",
"軽い","かるい","Light (i.e. not heavy)","feeling light (i.e. offering little resistance, moving easily)","Adj-i",
"軽い","かるい","light (i.e. of foot)","nimble, agile","Adj-i",
"カレー","カレー","Curry",,"n ",
"カレンダー","カレンダー","calendar",,"n ",
"川, 河","かわ","River","stream","n ",
"川, 河","かわ, がわ","(the …) river (suffix used with the names of rivers)",,"suf",
"可愛い","かわいい","Cute","adorable, charming, lovely, pretty","Adj-i",
"可愛い","かわいい","dear","precious, darling, pet","Adj-i",
"可愛い","かわいい","cute little","tiny","Adj-i",
"漢字","かんじ","]","kanji","n",
"木","き","tree","wood, timber","n",
"黄色","きいろ","yellow","amber","Adj-na, n",
"黄色い","きいろい","yellow",,"Adj-i",
"消える","きえる","to disappear","to go out, to vanish","v1, vi",
"聞く","きく","to hear",,"v5k, vt",
"聞く","きく","to listen (e.g. to music)",,"v5k, vt",
"聞く","きく","to ask","to enquire","v5k, vt",
"北","きた","North",,"n",
"ギター","ギター","Guitar",,"n",
"汚い","きたない","Dirty","unclean, filthy","Adj-i",
"喫茶店","きっさてん","coffee lounge","coffee shop, (rather formal) cafe","n",
"切手","きって","(postage) stamp","merchandise certificate","n",
"切符","きっぷ","Ticket",,"n ",
"昨日","きのう","Yesterday",,"N-adv, n-t",
"九","きゅう / く","Nine",,"num",
"牛肉","ぎゅうにく","Beef",,"n",
"牛乳","ぎゅうにゅう","(cow's) Milk",,"n",
"今日","きょう","Today","this day","N-t",
"教室","きょうしつ","Classroom",,"n",
"兄弟","きょうだい","siblings","brothers and sisters","n",
"去年","きょねん","last year",,"N-adv, n-t",
"嫌い","きらい","Hate","dislike","Adj-na, n",
"嫌い","きらい","suspicion","tendency, smack (of)","suf",
"切る","きる","to cut (through)",,"suf, v5r, vt",
"切る","きる","to sever (connections, ties)",,"suf, v5r, vt",
"切る","きる","to turn off (i.e. the light)",,"suf, v5r, vt",
"着る","きる","to put on (from the shoulders down)","to wear","v1 ",
"着る","きる","to bear (guilt, etc...)",,"v1 ",
"きれい","きれい","pretty","lovely, beautiful, fair","Adj-na, uk",
"きれい","きれい","clean ","clear, pure, tidy, neat","Adj-na, uk",
"きれい","きれい","completely","entirely","Adj-na, uk",
"キロ, キログラム","キロ, キログラム","Kilogram",,"n ",
"キロ,キロメートル","キロ,キロメートル","Kilometer",,"n ",
"銀行","ぎんこう","Bank",,"n",
"金曜日","きんようび","Friday",,"N-adv, n-t",
"薬","くすり","medicine","pharmaceuticals, (legal) drugs","n",
"下さい ","ください","Please (give me)",,"uk, hon",
"下さい ","ください","(after te-form of a verb or a noun prefixed with o- or go-) please (do for me)",,"uk, hon",
"果物","くだもの","Fruit",,"n",
"口","くち","mouth",,"n",
"口","くち","opening","hole, gap, orifice","n ",
"靴","くつ","Shoes","footwear","n",
"靴下","くつした","Socks","stockings, stocking","n",
"国","くに","Country","(the) state","n",
"国","くに","region",,"n",
"国","くに","home (i.e. hometown, home country)",,"n",
"曇り","くもり","cloudy weather","cloudiness, shadow","n ",
"曇る","くもる","to become cloudy","to become dim","v5r, vi",
"暗い","くらい","Gloomy","dark","Adj-i, uk",
"暗い","くらい","dark (in color)","dull","Adj-i, uk",
"暗い","くらい","depressed","dispirited","Adj-i, uk",
"クラス","クラス","Class",,"n ",
"グラム","グラム","Gram","gramme","n, uk",
"来る","くる","to come (spatially or temporally)","to approach, to arrive","vk, vi, aux-v",
"来る","くる","to come back","to do … and come back","vk, vi, aux-v",
"車","くるま","car","automobile, vehicle","n ",
"車","くるま","wheel",,"n ",
"黒","くろ","Black",,"n ",
"黒","くろ","dark",,"n ",
"黒い","くろい","black",,"Adj-i",
"黒い","くろい","dark",,"Adj-i",
"黒い","くろい","illicit","wicked, underground","Adj-i",
"警官","けいかん","policeman",,"n,adj-no ",
"今朝","けさ","this morning",,"N-t",
"消す","けす","to erase","to delete, to cross out","v5s, vt",
"消す","けす","to turn off power",,"v5s, vt",
"消す","けす","to extinguish","to put out","v5s, vt",
"結構","けっこう","splendid","nice","Adj-na, n-adv, n, uk",
"結構","けっこう","sufficient","“I'm fine” (no thank you)","Adj-na",
"結構","けっこう","OK","tolerable","Adj-na",
"結婚","けっこん","Marriage",,"n, adj-no, vs",
"月曜日","げつようび","Monday",,"N-adv, n-t",
"玄関","げんかん","entry hall","entranceway","n",
"元気","げんき","health","robust, vigor, energy, vitality, vim, stamina, spirit, courage","Adj-na, n",
"五","ご","Five",,"num",
"公園","こうえん","(public) Park",,"n",
"交差点","こうさてん","intersection","intersection","n ",
"紅茶","こうちゃ","black tea",,"n ",
"交番","こうばん","police box",,"n, vs",
"交番","こうばん","alternation","alternating (e.g. current)","n, adj-f",
"声","こえ","Voice",,"n",
"コート","コート","coat",,"n",
"コート","コート","court (i.e. tennis, basketball, etc...)",,"n",
"コーヒー","コーヒー","Coffee",,"n,adj-no ",
"ここ","ここ","Here","this place","n ",
"午後","ごご","afternoon","p.m.","N-adv, n-t",
"九日","ここのか","nine days",,"n ",
"九日","ここのか","ninth (day of the month)",,"n",
"九つ","ここのつ","Nine",,"n ",
"ご主人","ごしゅじん","your husband","her husband","n,hon",
"午前","ごぜん","morning","a.m.","N-adv, n-t",
"答える","こたえる","to answer","to reply","v1, vi",
"こちら, こっち","こちら, こっち","this way","this direction","n, uk",
"こちら, こっち","こちら, こっち","Here",,"n, uk",
"こちら, こっち","こちら, こっち","this one",,"n, uk",
"こちら, こっち","こちら, こっち","I, me",,"n, uk",
"こちら, こっち","こちら, こっち","this person",,"n, uk",
"コップ","コップ","a glass","tumbler","n",
"今年","ことし","this year",,"n-adv,n-t ",
"言葉","ことば","language","dialect","n ",
"言葉","ことば","word","words, phrase, term, expression, remark","n ",
"子供","こども","Child","children","n ",
"この","この","This",,"Adj-pn, uk",
"御飯","ごはん","cooked rice",,"n ",
"御飯","ごはん","meal",,"n ",
"コピー","コピー","copy","photocopy","n, vs",
"困る","こまる","to be worried","to be bothered","v5r, vi",
"これ","これ","This (indicating an item near the speaker, the action of the speaker, or the current topic)",,"n, uk",
"今月","こんげつ","this month",,"N-adv, n-t",
"今週","こんしゅう","this week",,"N-adv, n-t",
"こんな","こんな","Such (about something/someone close to the speaker (including the speaker), or about ideas expressed by the speaker)","like this","Adj-pn",
"今晩","こんばん","this evening","tonight","N-adv, n-t",
"さあ","さあ","well…",,"conj, int",
"財布","さいふ","Wallet","purse, handbag","n ",
"魚","さかな","Fish",,"n",
"先","さき","previous","prior, former, some time ago, preceding","n, adj-no, n-suf, pref",
"咲く","さく","to bloom",,"v5k, vi",
"作文","さくぶん","writing","composition","n, vs",
"差す","さす","to hold up (an umbrella, etc...)","to put up, to raise","v5s, vi",
"雑誌","ざっし","Magazine","journal, periodical","n ",
"砂糖","さとう","Sugar",,"n",
"寒い","さむい","Cold",,"Adj-i",
"再来年","さらいねん","year after next",,"N-adv, n-t",
"三","さん","Three",,"num",
"散歩","さんぽする","to stroll","to go for a walk","n, vs",
"四","し / よん","Four",,"num",
"塩","しお","Salt","common salt, table salt","n ",
"しかし","しかし","However","but","conj, uk",
"時間","じかん","Time",,"N-adv, n",
"時間","じかん","hours",,"ctr",
"仕事","しごと","Job","work, business, occupation, employment, vocation, task","n, vs, adj-no",
"辞書","じしょ","Dictionary","lexicon","n ",
"静か","しずか","Quiet","peaceful","Adj-na",
"下","した","Below","down, under","n",
"下","した","bottom",,"n",
"下","した","beneath","underneath","n",
"七","しち / なな","Seven",,"num",
"質問","しつもん","Question","inquiry, enquiry","n, vs",
"自転車","じてんしゃ","Bicycle",,"n",
"自動車","じどうしゃ","Automobile",,"n ",
"死ぬ","しぬ","to die",,"v5n, vn, vi, sens",
"字引","じびき","Dictionary",,"n ",
"自分","じぶん","Oneself","myself, yourself, himself, herself","n ",
"自分","じぶん","I ","me","n ",
"閉まる","しまる","to close","to be closed, to be shut","v5r, vi",
"閉まる","しまる","to be locked",,"v5r, vi",
"閉まる","しまる","to tighten","to be tightened","v5r, vi",
"閉める","しめる","to close","to shut","v1, vt",
"締める","しめる","to tie","to fasten","v1, vt",
"締める","しめる","to total","to sum","v1, vt",
"締める","しめる","to be strict with",,"v1, vt",
"じゃ/じゃあ","じゃ/じゃあ","well then…","then, so, well","conj, int",
"写真","しゃしん","photograph",,"n ",
"シャツ","シャツ","Shirt","singlet","n",
"シャワー","シャワー","Shower",,"n",
"十","じゅう, とお","Ten",,"num",
"授業","じゅぎょう","lesson","class work","n, vs",
"宿題","しゅくだい","homework",,"n ",
"上手","じょうず","Skillful","skill, dexterity","Adj-na, n",
"丈夫","じょうぶ","strong","healthy, robust, solid, durable","Adj-na",
"醤油","しょうゆ","soy sauce",,"n",
"食堂","しょくどう","dining hall","dining room, cafeteria, messroom","n ",
"食堂","しょくどう","diner","restaurant, snack bar, eatery","n ",
"知る","しる","to know","to understand, to be acquainted with, to feel","v5r, vt",
"白","しろ","White",,"n",
"白い","しろい","White",,"Adj-i",
"新聞","しんぶん","newspaper",,"n ",
"水曜日","すいようび","Wednesday",,"N-adv, n-t",
"吸う","すう","to smoke","to breathe, to inhale","v5u, vt",
"吸う","すう","to suck","to sip, to slurp","v5u, vt",
"吸う","すう","to absorb","to soak up","v5u, vt",
"スカート","スカート","Skirt",,"n",
"好き","すき","liking","fondness, love","Adj-na, n",
"少ない","すくない","a few","a little, scarce, insufficient, seldom","Adj-i",
"すぐに","すぐに","Instantly","immediately","adv, uk",
"少し","すこし","Few","small quantity, little, something","adv, n",
"少し","すこし","little while",,"adv, n",
"少し","すこし","short distance",,"adv, n",
"涼しい","すずしい","Refreshing","cool","Adj-i",
"ストーブ","ストーブ","Heater",,"n",
"スプーン","スプーン","Spoon",,"n",
"スポーツ","スポーツ","Sport",,"n,adj-no ",
"ズボン","ズボン","Trousers","pants","n",
"住む","すむ","to live (of humans)","to reside, to inhabit, to dwell, to abide","v5m, vi",
"スリッパ","スリッパ","Slippers",,"n",
"する","する","to do",,"Vs-i, uk",
"する","する","to make (into)","to turn (into)","vs-i, uk",
"する","する","to serve as","to work as","vs-i, uk",
"座る","すわる","to sit","to squat","v5r, vi",
"座る","すわる","to assume (a position)",,"v5r, vi",
"背","せ","height","stature","n ",
"生徒","せいと","Pupil",,"n ",
"セーター","セーター","sweater, jumper",,"n",
"せっけん","せっけん","Economy","thrift","n, vs",
"背広","せびろ","business suit",,"n",
"狭い","せまい","Narrow","confined, small","Adj-i",
"ゼロ","ゼロ","Zero",,"n,adj-no ",
"千","せん","Thousand",1000,"num",
"先月","せんげつ","last month",,"N-adv, n-t",
"先週","せんしゅう","last week","the week before","N-adv, n-t",
"先生","せんせい","teacher","master, doctor","n ",
"先生","せんせい","(with names of teachers, etc. as an) honorific title",,"suf",
"洗濯","せんたく","Washing","laundry","n, vs",
"全部","ぜんぶ","All","entire, whole, altogether","N-adv, n-t",
"掃除","そうじ","cleaning","sweeping","n, vs",
"そうして","そうして","like that","and","conj, uk",
"そして","そして","and then","and, thus, and now","conj, uk",
"そこ","そこ","there (place relatively near listener)",,"n, uk",
"そこ","そこ","there (place just mentioned)","that place","n, uk",
"そこ","そこ","then (of some incident just spoken of)","that (of point just raised)","n, uk",
"そちら, そっち","そちら, そっち","that way (by you)",,"n, uk",
"そちら, そっち","そちら, そっち","there",,"n, uk",
"そちら, そっち","そちら, そっち","that one",,"n, uk",
"そちら, そっち","そちら, そっち","you","your family","n, uk",
"外","そと","Outside","exterior","n ",
"外","そと","open air",,"n",
"その","その","that (something or someone distant from the speaker, close to the listener; actions of the listener, or ideas expressed or understood by the listener)","the",,
"その","その","um...","er..., uh... (hesitation sound)","Adj-pn, uk",
"側","そば","near","close, beside, vicinity, proximity, besides, while","n",
"空","そら","Sky","the heavens","n",
"それ","それ","that (indicating an item or person near the listener, the action of the listener, or something on their mind) ","it","n, uk",
"それ","それ","that time","then","n, uk",
"それから","それから","after that","and then","exp, uk",
"それでは","それでは","in that situation","in which case","exp, uk",
"それでは","それでは","well then…",,"exp, uk",
"大学","だいがく","university",,"n ",
"大使館","たいしかん","embassy",,"n ",
"大丈夫","だいじょうぶ","all right","safe, OK","Adj-na, adv, n",
"大好き","だいすき","very likeable","loveable, like very much","Adj-na, n",
"大切","たいせつ","important","valuable, worthy of care","Adj-na, n",
"たいてい","たいてい","mostly","ordinarily, usually","Adj-na, adv, n, uk",
"たいてい","たいてい","probably",,"Adj-na, adv, n, uk",
"たいてい","たいてい","most ","almost all","Adj-no, n",
"台所","だいどころ","kitchen",,"n,adj-no ",
"大変","たいへん","very","greatly","adv",
"大変","たいへん","immense","enormous, great","Adj-na, n",
"大変","たいへん","serious","grave, dreadful, terrible","Adj-na, n",
"高い","たかい","high","tall","Adj-i",
"高い","たかい","expensive",,"Adj-i",
"たくさん","たくさん","many","a lot, much","Adj-na, adv, n, uk",
"タクシー","タクシー","taxi",,"n",
"出す","だす","to take out",,"v5s, vt",
"出す","だす","to reveal","to show","v5s, vt",
"出す","だす","to submit (e.g. thesis)","to turn in","v5s, vt",
"出す","だす","to publish",,"v5s, vt",
"出す","だす","to send (e.g. letter)",,"v5s, vt",
"立つ","たつ","to stand","to rise, to stand up","v5t, vi",
"縦","たて","(the) vertical","height","n",
"縦","たて","length","Front-to-back","n",
"建物","たてもの","building",,"n",
"楽しい","たのしい","enjoyable","fun","Adj-i",
"頼む","たのむ","to ask","to request, to beg","v5m ",
"頼む","たのむ","to call","to order, to reserve","v5m ",
"たばこ","たばこ","tobacco","cigarettes","n, uk",
"たぶん","たぶん","probably","perhaps","adv, n",
"たぶん","たぶん","many","generous, much, great","Adj-na, adj-no",
"食べ物","たべもの","food",,"n",
"食べる","たべる","to eat",,"v1, vt",
"卵","たまご","(hen) egg(s)","spawn, roe","n",
"誰","だれ","who",,"n ",
"誰","だれか","somebody","someone","n, uk",
"誕生日","たんじょうび","birthday",,"n ",
"だんだん","だんだん","gradually","by degrees","n, adv-to, adv",
"小さい","ちいさい","little","small, tiny","Adj-i",
"小さな","ちいさな","little","small, tiny","Adj-pn",
"近い","ちかい","near","close, short (distance)","Adj-i",
"違う","ちがう","to differ (from)","to vary","v5u, vi",
"違う","ちがう","to not be in the usual condition",,"v5u, vi",
"違う","ちがう","to not match the correct (answer, etc...)",,"v5u, vi",
"近く","ちかく","near","neighborhood","N-adv, n",
"近く","ちかく","nearly","close to","N-suf",
"近く","ちかく","shortly","soon","adv",
"地下鉄","ちかてつ","underground train","subway","n ",
"地図","ちず","map",,"n ",
"父","ちち","father",,"n, hum",
"茶色","ちゃいろ","light brown","tawny","n ",
"茶わん","ちゃわん","rice bowl","tea cup, teacup","n",
"ちょうど","ちょうど","exactly","just, right","Adj-na, adv, n, uk",
"ちょっと","ちょっと","somewhat","easily, readily, rather","adv, uk",
"ちょっと","ちょっと","just a minute","short time, just a little","adv, uk",
"一日","ついたち","first of month",,"n",
"使う","つかう","to use (a person, animal, etc...)","to employ","v5u, vt",
"使う","つかう","to make use of",,"v5u, vt",
"使う","つかう","to use (time, money, etc...)","to spend, to consume","v5u, vt",
"疲れる","つかれる","to get tired","to tire ","v1, vi",
"疲れる","つかれる","to be worn out (e.g. of well used objects)",,"v1, vi",
"次","つぎ","next","following, subsequent","n, adj-no",
"次","つぎ","stage","station","n, adj-no",
"着く","つく","to arrive at","to reach","v5k ",
"着く","つく","to sit on","to sit at","v5k ",
"机","つくえ","desk",,"n",
"作る","つくる","to make","to produce, to manufacture, to build","v5r, vt",
"作る","つくる","to prepare (food)","to brew (alcohol)","v5r, vt",
"作る","つくる","to raise","to cultivate","v5r, vt",
"点ける","つける","to turn on","to switch on, to light up","v1, vt, uk",
"勤める","つとめる","to work for someone","to be employed (at), to serve (in)","v1, vt",
"つまらない","つまらない","boring","dull, uninteresting","Adj-i, uk",
"つまらない","つまらない","insignificant","trifling","Adj-i, uk",
"冷たい","つめたい","cold (to the touch)","chilly, icy, freezing","Adj-i",
"強い","つよい","powerful","strong, mighty, potent","Adj-i",
"強い","つよい","resistant","resilient, durable","Adj-i",
"手","て","hand","arm","n ",
"手","て","forepaw","foreleg","col",
"手","て","handle",,"n ",
"テープ","テープ","tape",,"n",
"テーブル","テーブル","table",,"n",
"テープレコーダー","テープレコーダー","tape recorder",,"n",
"出かける","でかける","to go out (e.g. on an excursion or outing)","to depart, to set out, to start, to be going out","v1, vi",
"手紙","てがみ","letter",,"n",
"出来る","できる","to be able to","to be up to the task","v1, vi, uk",
"出来る","できる","to be ready","to be completed","v1, vi, uk",
"出口","でぐち","exit","gateway, way out, outlet, leak, vent","n ",
"テスト","テスト","test",,"n",
"では","では","with that","then, well, so, well then, それでは","conj, int",
"デパート","デパート","department store",,"n, abbr",
"でも","でも","but","however, though, nevertheless, still, yet, even so","conj",
"出る","でる","to appear","to come forth","v1, vi",
"出る","でる","to leave","to exit","v1, vi",
"出る","でる","to answer (the phone or door)",,"v1, vi",
"テレビ","テレビ","television","TV","n, abbr",
"天気","てんき","weather","the elements","n ",
"天気","てんき","fair weather","fine weather","n",
"電気","でんき","electricity",,"n ",
"電気","でんき","(electric) light",,"n ",
"電気ストーブ","でんきストーブ","electric heater",,"n",
"電車","でんしゃ","(electric) train",,"n ",
"電話","でんわ","telephone",,"n, vs",
"戸","と","Japanese style door",,"n",
"ドア","ドア","Western style door",,"n",
"トイレ","トイレ","toilet","restroom, bathroom, lavatory","n, abbr",
"どう, いかが","どう, いかが","how","in what way, how about","adv, uk",
"どうして","どうして","for what reason","why?, how, in what way, for what purpose, what for","adv, int, uk",
"どうぞ","どうぞ","please","kindly","adv",
"どうぞ","どうぞ","by all means",,"adv",
"動物","どうぶつ","animal",,"n ",
"どうも","どうも","thanks","abbreviation of どうも有難う","int, abbr",
"どうも","どうも","much (thanks)","very (sorry), quite (regret)","adv",
"遠い","とおい","far","distant","Adj-i",
"十日","とおか","ten days",,"n ",
"十日","とおか","(the) tenth (of the month)",,"n ",
"時々","ときどき","sometimes","at times","adv, n",
"時計","とけい","watch","clock, timepiece","n",
"どこ","どこ","where","what place","n, uk",
"所","ところ","place","spot, scene, site","n, suf",
"年","とし","year",,"N-adv, n",
"年","とし","age",,"N-adv, n, suf",
"図書館","としょかん","library",,"n",
"どちら, どっち","どちら, どっち","which way","which direction, where","n, uk",
"とても","とても","very","awfully, exceedingly","adv, uk",
"とても","とても","(before a negative form) (not) at all","by no means","adv, uk",
"どなた","どなた","who",,"n, uk, hon",
"隣","となり","next to (esp. living next door to)","neighbor","n, adj-no",
"どの","どの","which","what (way)","Adj-pn, uk",
"飛ぶ","とぶ","to jump","to leap, to spring, to bound, to hop","v5b, vi",
"飛ぶ","とぶ","to fly","to soar","v5b, vi",
"止まる","とまる","to stop","to halt","v5r, vi",
"止まる","とまる","to come to a halt",,"v5r, vi",
"友達","ともだち","friend","companion","n ",
"土曜日","どようび","Saturday",,"N-adv, n-t",
"鳥","とり","bird",,"n ",
"鳥","とり","bird meat (esp. chicken meat)","fowl, poultry","n ",
"取る","とる","to take","to pick up, to harvest","v5r, vt",
"取る","とる","to steal",,"v5r, vt",
"取る","とる","to eat","to have (a meal)","v5r, vt",
"取る","とる","to remove (one's glasses, etc...)",,"v5r, vt",
"撮る","とる","to take (a photo)","to make (a film)","v5r, vt",
"どれ","どれ","which (of three or more)",,"n, uk",
"ナイフ","ナイフ","knife",,"n",
"中","なか","middle","center","n ",
"中","なか","inside","in","n ",
"中","なか","among","within","n ",
"中","なか","during","while","n ",
"長い","ながい","long (distance)",,"Adj-i",
"長い","ながい","long (time)","lengthy","Adj-i",
"鳴く","なく","to bark","to purr, to make sound (animal)","v5k ",
"鳴く","なく","to sing (bird)",,"v5k ",
"泣く","なく","to cry","to weep, to sob, to howl","v5k ",
"無くす","なくす","to lose something",,"v5s, vt",
"なぜ","なぜ","why","how","adv, uk",
"夏","なつ","summer",,"N-adv, n-t",
"夏休み","なつやすみ","summer vacation","summer holiday","n",
"等","など","et cetera","etc, and the like, and so forth","n,n-suf, prt, uk",
"等","など","(indicating an approximate quote or vague suggestion) or something",,"n,n-suf, prt, uk",
"等","など","(lessening the significance or value of the previous word) the likes of",,"n,n-suf, prt, uk",
"七つ","ななつ","seven",,"n ",
"七日","なのか","seven days",,"N-adv ",
"七日","なのか","(the) seventh (day of the month)",,"N-adv ",
"名前","なまえ","name","full name","n",
"名前","なまえ","given name","first name","n",
"習う","ならう","to learn",,"v5u, vt",
"並ぶ","ならぶ","to line up","to stand in a line","v5b, vi",
"並ぶ","ならぶ","to rival","to match, to equal","v5b, vi",
"並べる","ならべる","to line up","to set up","v1, vt",
"なる","なる","to become","to get, to grow, to be, to reach, to attain","v5r, vi, uk",
"何","なん/なに","what",,"int, pn, adj-no",
"二","に","two",,"num",
"賑やか","にぎやか","bustling","busy","Adj-na",
"肉","にく","meat",,"n ",
"肉","にく","flesh",,"n ",
"西","にし","west",,"n",
"日曜日","にちようび","Sunday",,"N-adv, n-t",
"荷物","にもつ","luggage","baggage","n",
"ニュース","ニュース","news",,"n",
"庭","にわ","garden",,"n ",
"脱ぐ","ぬぐ","to take off (clothes, shoes, etc...)","to undress","v5g, vt",
"温い","ぬるい","lukewarm","tepid","Adj-i, uk",
"ネクタイ","ネクタイ","tie","necktie","n",
"猫","ねこ","cat",,"n ",
"寝る","ねる","to lie down",,"v1, vi",
"寝る","ねる","to go to bed, to lie in bed",,"v1, vi",
"寝る","ねる","to sleep (lying down)",,"v1, vi",
"ノート","ノート","notebook","Copy-book, exercise book","n, vs",
"ノート","ノート","note ",,"n, vs",
"ノート","ノート","notebook PC","laptop PC","n ",
"登る","のぼる","to climb","to ascend, to go up","v5r,vi ",
"登る","のぼる","to rise","to ascend (e.g. the sun)","v5r,vi ",
"登る","のぼる","to go to (the capital)",,"v5r,vi ",
"登る","のぼる","to be promoted",,"v5r,vi ",
"飲み物","のみもの","(a) drink","a beverage","n",
"飲む","のむ","to drink","to gulp, to swallow","v5m, vt",
"飲む","のむ","to take (medicine)",,"v5m, vt",
"乗る","のる","to get on","to ride in, to board","v5r, vi",
"乗る","のる","to spread (paints)",,"v5r ",
"乗る","のる","to share in","to join","v5r ",
"歯","は","tooth",,"n ",
"パーティー","パーティー","party",,"n ",
"はい","はい","yes",,"int, pol",
"はい","はい","OK (used to get attention prior to an utterance)","okay","int, pol",
"灰皿","はいざら","ashtray",,"n",
"入る","はいる","to enter",,"v5r",
"入る","はいる","to break into",,"v5r",
"入る","はいる","to join","to enroll","v5r",
"入る","はいる","to contain","to hold, to accommodate","v5r",
"葉書","はがき","postcard",,"n, abbr",
"葉書","はがき","memo, note, card",,"n, abbr",
"履く","はく","to put on (lower-body clothing i.e. pants, skirt, etc...)","to put on footwear","v5k, vt",
"箱","はこ","box",,"n",
"橋","はし","bridge",,"n",
"箸","はし","chopsticks",,"n",
"始まる","はじまる","to begin",,"v5r, vi",
"初めに","はじめに","In the beginning","to begin with, first of all","exp",
"初めて","はじめて","for the first time",,"adv, n",
"初めて","はじめて","only after … is it …","only when … do you …","adv, n",
"走る","はしる","to run",,"v5r, vi",
"走る","はしる","to travel (movement of vehicles)",,"v5r, vi",
"走る","はしる","to hurry to",,"v5r, vi",
"走る","はしる","to retreat (from battle), to take flight",,"v5r, vi",
"バス","バス","bus",,"n",
"バス","バス","bath",,"n",
"バス","バス","bass",,"n",
"バター","バター","butter",,"n",
"二十歳","はたち","20 years old",,"n",
"働く","はたらく","to work","to labor","v5k, vi",
"働く","はたらく","to function","to operate, to work (as in a machine works), to come into play","v5k, vi",
"八","はち","eight",,"num",
"二十日","はつか","twenty days",,"n",
"二十日","はつか","20th (day of the month)",,"n",
"花","はな","flower","blossom, bloom, petal","n",
"鼻","はな","nose",,"n ",
"話","はなし","talk","speech, chat, story, conversation","n",
"話","はなし","discussions","negotiation","n",
"話す","はなす","to speak",,"v5s, vt",
"母","はは","mother",,"n, hum",
"早い","はやい","early (in the day, etc...)",,"Adj-i",
"早い","はやい","fast","quick, hasty, brisk","Adj-i",
"早い","はやい","(too) soon","not yet, (too) early","Adj-i",
"早い","はやい","easy ","simple","Adj-i",
"速い","はやい","quick","fast, hasty, brisk","Adj-i",
"春","はる","spring","springtime","N-adv, n-t",
"春","はる","new year",,"N-adv, n-t",
"春","はる","prime (of one's life, etc...)",,"N-adv, n-t",
"春","はる","adolescence",,"N-adv, n-t",
"貼る","はる","to stick","to paste, to affix, to link (e.g. in WWW forums)","v5r",
"晴れ","はれ","clear weather",,"n",
"晴れる","はれる","to be sunny","to clear up, to stop raining","v1, vi",
"晴れる","はれる","to refresh (e.g. spirits)",,"v1, vi",
"晴れる","はれる","to be cleared (e.g. of a suspicion)",,"v1, vi",
"半","はん","half",,"n, n-adv, n-suf, n-pref",
"晩","ばん","evening",,"N-adv, n-t",
"晩","ばん","(counter for) nights",,"ctr",
"パン","パン","bread",,"n",
"ハンカチ","ハンカチ","handkerchief",,"n",
"番号","ばんごう","number","series of digits","n ",
"晩御飯","ばんごはん","dinner","evening meal","n",
"半分","はんぶん","half minute",,"n ",
"半分","はんぶん","half",,"n, n-adv ",
"東","ひがし","east",,"n",
"引く","ひく","to pull",,"v5k, vi, vt",
"引く","ひく","to draw (attention etc...)","to attract (interest, etc...)","v5k, vi, vt",
"引く","ひく","to draw back",,"v5k, vi, vt",
"弾く","ひく","to play (an instrument with strings, including piano)",,"v5k ",
"低い","ひくい","low (height, tone, rank, degree, cost, etc...)","short","Adj-i",
"飛行機","ひこうき","airplane","aeroplane, aircraft","n",
"左","ひだり","left","left hand side","n ",
"一～","ひと～","one",,"pref",
"人","ひと","person","man","n",
"人","ひと","human being","mankind, people","n",
"一つ","ひとつ","one",,"n ",
"一つ","ひとつ","for one thing (often used in itemized lists)",,"n ",
"一月","ひとつき","one month",,"n",
"一人","ひとり","one person",,"n ",
"暇","ひま","free time","spare time, leisure","Adj-na, n",
"百","ひゃく","hundred",,"num",
"病院","びょういん","hospital",,"n ",
"病気","びょうき","illness","disease, sickness","n, adj-no",
"昼","ひる","noon","midday","N-adv, n-t",
"昼","ひる","daytime",,"N-adv, n-t",
"昼","ひる","lunch",,"N-adv, n-t",
"昼御飯","ひるごはん","lunch","midday meal","n",
"広い","ひろい","spacious","vast, wide","Adj-i",
"フィルム","フィルム","roll of film",,"n",
"封筒","ふうとう","envelope",,"n ",
"プール","プール","swimming pool",,"n",
"フォーク","フォーク","fork",,"n",
"吹く","ふく","to blow (wind, etc.)",,"v5k ",
"吹く","ふく","to emit","to spout","v5k ",
"服","ふく","clothes (esp. western clothes)",,"n, n-suf",
"服","ふく","(counter for) doses of medicine","gulps of tea, drags of a cigarette, etc...","suf, ctr",
"二つ","ふたつ","two",,"n ",
"豚肉","ぶたにく","pork",,"n,adj-no ",
"二人","ふたり","two people","two persons, pair, couple","n",
"二日","ふつか","two days",,"n ",
"二日","ふつか","the second (day of the month)",,"n ",
"太い","ふとい","fat","thick","Adj-i",
"太い","ふとい","deep (of a voice)",,"Adj-i",
"太い","ふとい","daring","shameless, brazen","Adj-i",
"冬","ふゆ","winter",,"N-adv, n-t",
"降る","ふる","to precipitate","to fall (e.g. rain)","v5r, vi",
"古い","ふるい","old (not used for people)","aged, ancient, antiquated, stale, threadbare, outmoded, obsolete article","Adj-i",
"風呂","ふろ","bath","bathtub","n",
"風呂","ふろ","bathroom","bathhouse","n",
"文章","ぶんしょう","sentence","article, composition","n",
"ページ","ページ","page",,"n",
"下手","へた","unskillful","poor, awkward","Adj-na, n",
"下手","へた","imprudent","untactful","Adj-na, n",
"ベッド","ベッド","bed",,"n ",
"ペット","ペット","pet",,"n ",
"部屋","へや","room","(one's own) place, apartment","n ",
"辺","へん","area","vicinity","n ",
"辺","へん","side (of triangle, rectangle, etc...)",,"n ",
"辺","へん","circumstances",,"n ",
"ペン","ペン","pen",,"n",
"勉強","べんきょう","study",,"n, vs",
"便利","べんり","convenient","handy, useful","Adj-na",
"帽子","ぼうし","hat","cap","n",
"ボールペン","ボールペン","ball-point pen",,"n",
"ほか","ほか","other (esp. places and things)","the rest","Adj-no, n, n-adv",
"ポケット","ポケット","pocket",,"n",
"欲しい","ほしい","wanted","wished for, in need of, desired","Adj-i",
"ポスト","ポスト","post","position","n, vs",
"ポスト","ポスト","postbox","mail box, pillar box","n, vs",
"細い","ほそい","thin","slender, fine","Adj-i",
"ボタン","ボタン","button",,"n, uk",
"ホテル","ホテル","hotel",,"n",
"本","ほん","book","volume","n",
"本","ほん","main","head, this, our, present, real","pref",
"本","ほん","(counter for) long cylindrical things",,"ctr",
"本棚","ほんだな","bookshelves",,"n",
"本当","ほんとう","truth","reality","Adj-na, n",
"本当に","ほんとうに,　ほんとに","really","truly","adv",
"毎朝","まいあさ","every morning",,"N-adv, n-t",
"毎月","まいげつ/まいつき","every month",,"N-adv, n-t",
"毎週","まいしゅう","every week",,"N-adv, n-t",
"毎日","まいにち","every day",,"N-adv, n-t",
"毎年","まいねん/まいとし","every year",,"N-adv, n-t",
"毎晩","まいばん","every night",,"N-adv, n-t",
"前","まえ","before (some event)","ago, previously","N-adv, n-t, suf",
"前","まえ","in front (of)","before (e.g. the house)","N-adv, n-t, suf",
"曲る","まがる","to bend","to curve, to warp, to wind, to twist","v5r, vi",
"曲る","まがる","to turn",,"v5r, vi",
"曲る","まがる","to be awry","to be askew, to be crooked","v5r, vi",
"まずい","まずい","unpleasant (taste, appearance, situation)","unappetizing","Adj-i, uk",
"また","また","again","and, also, still (doing something)","adv, conj, pref, uk",
"まだ","まだ","as yet","hitherto, still","Adj-na, adv, uk",
"まだ","まだ","not yet (with negative verb)",,"Adj-na, adv, uk",
"町","まち","town","block, neighborhood","n",
"町","まち","street","road","n",
"待つ","まつ","to wait",,"v5t, vt",
"待つ","まつ","to await","to look forward to, to anticipate","v5t, vt",
"待つ","まつ","to depend on (usually in negative form)","to need","v5t, vt",
"真っすぐ","まっすぐ","straight (ahead)","direct, upright, erect","Adj-na, adv, n",
"真っすぐ","まっすぐ","straightforward","honest","Adj-na, adv, n",
"マッチ","マッチ","match (contest)",,"n",
"マッチ","マッチ","match (to light fire with)",,"n",
"窓","まど","window",,"n ",
"丸い/円い","まるい","round","circular, spherical","Adj-i",
"万","まん","ten thousand",,"num",
"万年筆","まんねんひつ","fountain pen",,"n",
"磨く","みがく","to brush (teeth)","to polish, to shine","v5k, vt",
"磨く","みがく","to refine","to improve","v5k, vt",
"右","みぎ","right","right hand side","n ",
"短い","みじかい","short",,"Adj-i",
"水","みず","water (cold, fresh)",,"n",
"店","みせ","shop","store, establishment","n",
"見せる","みせる","to show","to display","v1, vt",
"道","みち","street","road, way, path, route, lane","n",
"三日","みっか","three days",,"n ",
"三日","みっか","the third",,"n ",
"三つ","みっつ","three",,"n ",
"緑","みどり","green",,"n",
"皆","みな, みんな","everyone","all, everybody","adv, n",
"皆","みな, みんな","everything",,"adv, n",
"南","みなみ","south",,"n ",
"耳","みみ","ear",,"n ",
"耳","みみ","hearing",,"n ",
"耳","みみ","edge","crust","n ",
"見る","みる","to see","to look, to watch","v1, vt",
"見る","みる","to look over","to look on","v1, vt",
"六日","むいか","sixth day (of the month)",,"n",
"六日","むいか","six days ",,"n",
"向こう","むこう","over there","that way, far away, beyond","n ",
"向こう","むこう","opposite side","other side, opposite direction","n ",
"難しい","むずかしい","difficult","hard, troublesome, complicated, serious","Adj-i",
"六つ","むっつ","six",,"num",
"村","むら","village",,"n",
"目","め","eye","eyeball","n",
"目","め","eyesight","sight, vision","n",
"メートル","メートル","meter",,"n ",
"眼鏡","めがね","glasses","spectacles","n ",
"もう","もう","already","anymore","adv, int, uk",
"もう","もう","soon","shortly","adv, int, uk",
"もう","もう","more","further, other, again","adv, int, uk",
"もう一度","もういちど","again","once more","exp",
"木曜日","もくようび","Thursday",,"N-adv, n-t",
"もちろん","もちろん","of course","certainly, naturally","adv, uk",
"持つ","もつ","to hold","to carry","v5t",
"持つ","もつ","to possess",,"v5t",
"もっと","もっと","more","even more, longer, further","adv",
"物","もの","thing","object","n",
"門","もん","gate",,"n, n-suf",
"問題","もんだい","problem","question","n",
"八百屋","やおや","greengrocer",,"n",
"野菜","やさい","vegetable",,"n,adj-no ",
"易しい","やさしい","easy","plain, simple","Adj-i",
"安い","やすい","cheap","inexpensive","Adj-i",
"休み","やすみ","rest","recess, respite","n",
"休み","やすみ","vacation","holiday, absence, suspension","n ",
"休む","やすむ","to rest","to have a break","v5m, vi",
"休む","やすむ","to be absent","to take a day off","v5m, vi",
"八つ","やっつ","eight",,"num",
"山","やま","mountain","hill","n",
"やる","やる","to do",,"v5r,vt, uk, col",
"夕方","ゆうがた","evening","dusk","N-adv, n-t",
"夕飯","ゆうはん","dinner","evening meal","n ",
"郵便局","ゆうびんきょく","post office",,"n",
"昨夜","ゆうべ","last night",,"N-adv, n-t",
"有名","ゆうめい","famous",,"Adj-na",
"有名","ゆうめい","fame",,"n ",
"雪","ゆき","snow",,"n",
"ゆっくりと","ゆっくりと","slowly","at ease, restful","adv,n,vs,adv-to",
"八日","ようか","eight days",,"n",
"八日","ようか","(the) eighth day (of the month)",,"n",
"洋服","ようふく","western-style clothes",,"n",
"よく","よく","well","nicely, properly, skillfully","adv, uk",
"よく","よく","often","frequently","adv, uk",
"横","よこ","horizontal (as opposed to vertical)","lying down","n",
"横","よこ","width","breadth, side-to-side","n",
"横","よこ","side (of a box, etc...)"," ","n",
"横","よこ","beside","aside, next to","n",
"四日","よっか","four days",,"n",
"四日","よっか","(the) fourth day (of the month)",,"n",
"四つ","よっつ","four",,"num",
"呼ぶ","よぶ","to call out","to call, to invoke","v5b, vt",
"呼ぶ","よぶ","to summon (a doctor, etc..)",,"v5b, vt",
"呼ぶ","よぶ","to invite",,"v5b, vt",
"読む","よむ","to read",,"v5m, vt",
"夜","よる","evening","night","N-adv, n-t",
"弱い","よわい","weak","frail, delicate, tender, unskilled, weak (wine)","Adj-i",
"来月","らいげつ","next month",,"n-adv,n-t ",
"来週","らいしゅう","next week",,"n-adv,n-t ",
"来年","らいねん","next year",,"n-adv,n-t ",
"ラジオ","ラジオ","radio",,"n",
"ラジカセ / ラジオカセット","ラジカセ / ラジオカセット","radio cassette player",,"n",
"立派","りっぱ","splendid","fine, handsome, elegant, imposing, prominent, legal, legitimate","Adj-na, n",
"留学生","りゅうがくせい","overseas student","exchange student","n",
"両親","りょうしん","both parents","parents","n",
"料理","りょうり","cuisine","cooking, cookery","n, vs",
"旅行","りょこう","travel","trip","n, vs, adj-no",
"零","れい","zero","nought","n, adj-no",
"冷蔵庫","れいぞうこ","refrigerator",,"n",
"レコード","レコード","record",,"n",
"レストラン","レストラン","restaurant",,"n",
"練習","れんしゅう","practice",,"n, vs",
"廊下","ろうか","corridor","hallway, passageway","n",
"六","ろく","six",,"num",
"ワイシャツ","ワイシャツ","business shirt","shirt, dress shirt","n, uk, abbr",
"若い","わかい","young",,"Adj-i",
"分かる","わかる","to be understood","to be comprehended, to be grasped","v5r, vi",
"忘れる","わすれる","to forget","to leave carelessly, to be forgetful of, to forget about, to forget (an article)","v1, vt",
"私","わたくし","(humble) I,myself",,"pn,adj-no ",
"私","わたし","I,myself",,"pn,adj-no ",
"渡す","わたす","to hand over","to hand in, to pass, to give, to transfer","v5s,vt ",
"渡す","わたす","to traverse","to ferry across (a river, etc...), to carry across","v5s,vt ",
"渡る","わたる","to go across","to cross over","v5r, vi",
"悪い","わるい","bad","poor, inferior","Adj-i",
"悪い","わるい","evil","sinful","Adj-i",
"悪い","わるい","unprofitable","unbeneficial","Adj-i",
"より","より","than (used for comparison)",,"adv, prt",
"ほう","ほう","one side (of a comparison)",,"adv, prt",
